prompt_user,output,timestamp
apa summary dari file ini?. Jelaskan dengan menggunakan bahasa Indonesia.,"Berikut adalah ringkasan dari file PDF yang diberikan:

File PDF tersebut membahas tentang keamanan dan kesehatan dalam pengawasan produk halal. Ada beberapa point yang dibahas, antara lain:

* Penggunaan bahan yang memenuhi aspek keamanan dan kesehatan
* Penggunaan sistem JPH (Jaminan Produk Halal)
* Rencana PPH (Pengawasan Produk Halal) dan manajemen risiko
* Laporan pengawasan PPH dan kaji ulang pelaksanaan PPH

Selain itu, file PDF juga membahas tentang cara membersihkan najis, yaitu bahan yang tidak halal, seperti kotoran hewan dan manusia, minuman keras, dan bangkai hewan. Cara membersihkan najis adalah dengan mencucinya dan memberikan pemastian integritas kehalalan bahan.

File PDF juga menekankan pentingnya mencatat proses penyimpanan dan memelihara bukti pelaksanaan pengawasan produk halal.",2024-11-20 08:56:46.452505
